1017003010,手机|手机配件|iPhone配件,迪士尼(Disney) 开心米妮米奇系列 iPhone5/5S 保护壳 白色IPH57218,礼品箱包>功能箱包>电脑包>迪士尼（Disney）>迪士尼(Disney) 开心米妮米奇系...,京东商城,优仕盈创数码配件直营店
1017003010,手机|手机配件|iPhone配件,美国IUVO Apple iPhone 4S 4 纯手工翻盖 真皮手机套 荔枝纹 红色,当当网 > 数码影音 > 苹果/配件 > iphone配件,当当网,IUVO
1017003010,手机|手机配件|iPhone配件,酷玛特 iPhone4G4代手机壳保护壳金属边框皮套系列(白)iPhone4G金属边框皮套系列(白),当当网 > 数码影音 > 苹果/配件 > iphone配件,当当网,酷玛特
1017003010,手机|手机配件|iPhone配件,Elago S4 Glide iPhone 4S 4 TTOMA猫 外壳 保护壳 限量版,当当网 > 数码影音 > 苹果/配件 > iphone配件,当当网,elago
1017003010,手机|手机配件|iPhone配件,邦克仕MAGIC Seaweed(花纹)系列IPHONE4/4S保护壳(黑色),当当网 > 数码影音 > 苹果/配件 > iphone配件,当当网,邦克仕
1017003010,手机|手机配件|iPhone配件,Disney 迪士尼 IQ博士系列-小云/小吉(苹果 iphone 4代)保护套,数码/相机 > 苹果专区 > iphone配件,易迅网,Disney 迪士尼
1017003010,手机|手机配件|iPhone配件,手机工坊 苹果 iphone4 浮雕 切格瓦拉 个性后壳,数码/相机 > 苹果专区 > iphone配件,易迅网,手机工坊
1017003010,手机|手机配件|iPhone配件,Capdase 卡登仕 iPhone 4/4S 实色亮点系列胶套 亚光粉,数码/相机 > 苹果专区 > iphone配件,易迅网,CAPDASE 卡登仕
1017003010,手机|手机配件|iPhone配件,Capdase 卡登仕 iPhone 4/4S 双色经典玲珑胶套 红/黑色,数码/相机 > 苹果专区 > iphone配件,易迅网,CAPDASE 卡登仕
1017003010,手机|手机配件|iPhone配件,洛克(ROCK)苹果 iPhone4/iPhone4S Summer 夏花系列背壳(粉白色),手机数码 > 手机配件 > iPhone配件 >洛克(ROCK)苹果 iPhone4/iPhone4S S...,高鸿商城,洛克(ROCK)
1017003010,手机|手机配件|iPhone配件,DiscoveryBuy 迪思拜尔 iPhone 4/4S 金属拉丝保护套 中国红,数码/相机 > 苹果专区 > iphone配件,易迅网,迪思拜尔
1017003010,手机|手机配件|iPhone配件,DiscoveryBuy 迪思拜尔 iPhone 4/4S 金属魅影保护套 深邃蓝,数码/相机 > 苹果专区 > iphone配件,易迅网,DiscoveryBuy 迪思拜尔
1017003010,手机|手机配件|iPhone配件,洛克(ROCK)苹果 iPhone4/iphone4S 钛金系列超薄背壳(浅卡其),手机数码 > 手机配件 > iPhone配件 >洛克(ROCK)苹果 iPhone4/iphone4S ...,高鸿商城,洛克(ROCK)
1017003010,手机|手机配件|iPhone配件,ROCK 洛克 苹果 iPhone 4/4S 新年系列 限量版 花纹,数码/相机 > 苹果专区 > iphone配件,易迅网,ROCK 洛克
1017003010,手机|手机配件|iPhone配件,Hamimelon 哈密瓜 HM0247 iPhone 4/4S 冰岛烤漆 12星座魔幻系列保护壳 大红色,数码/相机 > 苹果专区 > iphone配件,易迅网,
1017003010,手机|手机配件|iPhone配件,ROCK 洛克 苹果 iPhone 4/4S 流沙系列 手机壳 深灰色,数码/相机 > 苹果专区 > iphone配件,易迅网,洛克
1017003010,手机|手机配件|iPhone配件,LENTION蓝盛灰色苹果iphone4/4S保护壳钻石星空系列IP4-TF-ZS-08,首页>数码>苹果配件>iphone配件,银泰网,蓝盛
1017003010,手机|手机配件|iPhone配件,LENTION蓝盛黑色苹果iphone4/4S保护壳钻石星空系列IP4-TF-ZS-05,首页>数码>苹果配件>iphone配件,银泰网,蓝盛
1017003010,手机|手机配件|iPhone配件,洛克(ROCK) 苹果 iPhone4/iPhone4S 魔方系列TPU软套(透黑色),手机数码 > 手机配件 > iPhone配件 >洛克(ROCK) 苹果 iPhone4/iPhone4S ...,高鸿商城,洛克(ROCK)
1017003010,手机|手机配件|iPhone配件,DXPOWER 电小二 WT-i1600B iPhone 4/4S 果贝贝 1600mAh 紫色,数码/相机 > 苹果专区 > iphone配件,易迅网,
1017003010,手机|手机配件|iPhone配件,ROCK 洛克 苹果 iPhone 4/4S 魔方系列 TPU软套 透黑色,数码/相机 > 苹果专区 > iphone配件,易迅网,ROCK 洛克
1017003010,手机|手机配件|iPhone配件,Benks 邦克仕 iPhone 4/4S Magic cotton candy 保护壳 绿色,数码/相机 > 苹果专区 > iphone配件,易迅网,Benks 邦克仕
1017003010,手机|手机配件|iPhone配件,Baseus 倍思 iPhone 4/4S 月光宝壳 紫色 送膜 夜光LOGO,数码/相机 > 苹果专区 > iphone配件,易迅网,Baseus 倍思
1017003010,手机|手机配件|iPhone配件,Capdase 卡登仕 iPhone/iPad/iPod/智能手机 防滑 触膜屏手套 小号 灰色,数码/相机 > 苹果专区 > iphone配件,易迅网,CAPDASE 卡登仕
1017003010,手机|手机配件|iPhone配件,Belkin 贝尔金 F8Z846qeC00 iPhone 4S 超薄精华保护套 粉色,数码/相机 > 苹果专区 > iphone配件,易迅网,Belkin 贝尔金
1017003010,手机|手机配件|iPhone配件,LOLI 萝莉 iPhone 4/4S 外壳 真皮孔雀 白色,数码/相机 > 苹果专区 > iphone配件,易迅网,LOLI 萝莉
1017003010,手机|手机配件|iPhone配件,品乐Pinlo BLADEdge iPhone 4 超薄 尼龙 保护框 Bumper 紫色透明最薄bumper超薄1mm,当当网 > 数码影音 > 苹果/配件 > iphone配件,当当网,Pinlo
1017003010,手机|手机配件|iPhone配件,【当当自营】迪斯尼 蜘蛛侠 iphone 4 手机防划伤贴(JH100086正背两面贴),数码影音 > 苹果/配件 > iPhone配件 > 商品详情,当当网,迪士尼
1017003010,手机|手机配件|iPhone配件,X-jacket Bliz TPU For iPhone 4 手机保护套 保护壳 紫色,当当网 > 数码影音 > 苹果/配件 > iphone配件,当当网,X-jacket
1017003010,手机|手机配件|iPhone配件,韩国SGP iPhone 4 4S Neo Hybrid EX 2代 边框 保护套 黑胶黄边,当当网 > 数码影音 > 苹果/配件 > iphone配件,当当网,SGP
1017003010,手机|手机配件|iPhone配件,新品!韩国SGP linear Blitz iphone 4 4S保护壳 铝合金背面 钛灰,当当网 > 数码影音 > 苹果/配件 > iphone配件,当当网,SGP
1017003010,手机|手机配件|iPhone配件,特价!Pinlo Concize matte case 简约系列保护壳 for iPhone4 橙,当当网 > 数码影音 > 苹果/配件 > iphone配件,当当网,Pinlo
1017003010,手机|手机配件|iPhone配件,正品SGP galaxy nexus i9250 超强水族保护壳 胶套 保护套 蓝黄,当当网 > 数码影音 > 苹果/配件 > iphone配件,当当网,SGP
1017003010,手机|手机配件|iPhone配件,正品VERUS 苹果 iphone 4 4s 多彩拼接 保护套 手机壳 蓝白绿,当当网 > 数码影音 > 苹果/配件 > iphone配件,当当网,
1017003010,手机|手机配件|iPhone配件,迪士尼(Disney)DSM101015米奇1928手机数码包(玫红),数码影音 > 苹果/配件 > iPhone配件,当当网,Disney迪士尼
1017003010,手机|手机配件|iPhone配件,原装行货SwitchEasy Colors iPhone 4 4S 聪明豆 硅胶套 松绿色,当当网 > 数码影音 > 苹果/配件 > iphone配件,当当网,SwitchEasy
1017003010,手机|手机配件|iPhone配件,洛克(ROCK)苹果 iPhone4/iphone4S Shining Series绚烂系列背壳(绯红色),手机数码 > 手机配件 > iPhone配件 >洛克(ROCK)苹果 iPhone4/iphone4S S...,高鸿商城,洛克(ROCK)
1017003010,手机|手机配件|iPhone配件,LENTION蓝盛黑色苹果iphone4/4S保护壳星座闪钻系列狮子座LeoIP4-TF-XZ-05,首页>数码>苹果配件>iphone配件,银泰网,蓝盛
1017003010,手机|手机配件|iPhone配件,贝尔金(Belkin) 苹果 iPhone4 4S 超薄精华壳(透明紫 F8Z847QEC02),手机数码 > 手机配件 > iPhone配件 >贝尔金(Belkin) 苹果 iPhone4 4S 超...,高鸿商城,贝尔金(Belkin)
1017003010,手机|手机配件|iPhone配件,Capdase 卡登仕 iPhone 4/4S 金属边框 双色配搭 保护壳 绿黑,数码/相机 > 苹果专区 > iphone配件,易迅网,CAPDASE 卡登仕
1017003010,手机|手机配件|iPhone配件,Benks 邦克仕 iPhone 4/4S 保护壳 Magic Chocolate SOUL脸谱U系列 透明色,数码/相机 > 苹果专区 > iphone配件,易迅网,Benks 邦克仕
1017003010,手机|手机配件|iPhone配件,Mofi 莫凡 iPhone 4/4S desirful 保护套 苹果绿,数码/相机 > 苹果专区 > iphone配件,易迅网,MOFI 莫凡
1017003010,手机|手机配件|iPhone配件,圣诞节新品!SGP iphone 4 4S外壳 2代冰淇淋 保护壳 手机套 粉色,当当网 > 数码影音 > 苹果/配件 > iphone配件,当当网,SGP
1017003010,手机|手机配件|iPhone配件,超薄彩虹半透明iPhone保护套 2G 3G 3GS可用 送贴膜,当当网 > 数码影音 > 苹果/配件 > iphone配件,当当网,Funmax
1017003010,手机|手机配件|iPhone配件,特价 Pinlo Concize matte 简约系列 保护壳 for iPhone4 透明感受高科技魅力,当当网 > 数码影音 > 苹果/配件 > iphone配件,当当网,pinlo
1017003010,手机|手机配件|iPhone配件,洛克ROCK 苹果 iphone 4 4S 保护套 手机套 保护壳 绚烂系列彩壳,数码影音 > 苹果/配件 > iPhone配件 > 商品详情,当当网,洛克ROCK
1017003010,手机|手机配件|iPhone配件,酷玛特 苹果IPhone4G4S4代手机壳保护套背壳 浪漫樱花08苹果IPhone4G4S4代 浪漫樱花,当当网 > 数码影音 > 苹果/配件 > iphone配件,当当网,酷玛特
1017003010,手机|手机配件|iPhone配件,Rock苹果iPhone5/5S手机保护壳/兔子小叽背壳/手机套(附配件3件套),数码影音 > 苹果/配件 > iPhone配件 > 商品详情,当当网,洛克/ROCK
1017003010,手机|手机配件|iPhone配件,韩国SGP iPhone 4 4S Neo Hybrid EX 2代 边框 保护套 粉边白胶,当当网 > 数码影音 > 苹果/配件 > iphone配件,当当网,SGP
1017003010,手机|手机配件|iPhone配件,原装QDesign iphone 4 4s 外壳 彩壳 保护壳 限量珍藏版 巴乔,当当网 > 数码影音 > 苹果/配件 > iphone配件,当当网,QDesign
1017003010,手机|手机配件|iPhone配件,SwitchEasy Lanyard iPhone 4S 4 超薄绳扣 可挂绳链 保护套 灰色,当当网 > 数码影音 > 苹果/配件 > iphone配件,当当网,SwitchEasy
1017003010,手机|手机配件|iPhone配件,Incase Snap Case iPhone4 外壳 磨砂壳 保护壳 多色,当当网 > 数码影音 > 苹果/配件 > iphone配件,当当网,Incase Snap
1017003010,手机|手机配件|iPhone配件,韩国Ashop 个性iPhone 4/4S 超薄皮套 [R,Table talk]-6色,当当网 > 数码影音 > 苹果/配件 > iphone配件,当当网
1017003010,手机|手机配件|iPhone配件,COOLOUS 印象国度 iPhone 4S 4 艺术创意 手机壳(印象非洲),当当网 > 数码影音 > 苹果/配件 > iphone配件,当当网,COOLOUS
1017003010,手机|手机配件|iPhone配件,浩酷(HOCO)iPhone4骑士头层牛皮皮套(红色)(1.45CM厚度),当当网 > 数码影音 > 苹果/配件 > iphone配件,当当网,浩酷
1017003010,手机|手机配件|iPhone配件,colabox iPhone4S 4 手机壳 保护套 果色透亮系列,当当网 > 数码影音 > 苹果/配件 > iphone配件,当当网,COLAbOX
1017003010,手机|手机配件|iPhone配件,Elago Rustic iphone 4S 3GS ipad2 木材质电容屏手写笔 莫阿笔,当当网 > 数码影音 > 苹果/配件 > iphone配件,当当网,Elago
1017003010,手机|手机配件|iPhone配件,新品!韩国正品Elago Pattern iphone4 手机套 软硅胶套 D系 黑色,当当网 > 数码影音 > 苹果/配件 > iphone配件,当当网,Elago
1017003010,手机|手机配件|iPhone配件,QDesign Anime漫画 iPhone 4S 4 乔巴 Chopper 海贼王 手机保护壳,当当网 > 数码影音 > 苹果/配件 > iphone配件,当当网,QDesign
1017003010,手机|手机配件|iPhone配件,苹果Air Jacket iphone4手机壳iphone4s手机壳子磨砂保护套壳送贴膜一张 苹果Air Jacket iphone4/4S,当当网 > 数码影音 > 苹果/配件 > iphone配件,当当网,Air Jacket
1017003010,手机|手机配件|iPhone配件,摩仕(moshi)iPod/iPhone USB连接线,当当网 > 数码影音 > 苹果/配件 > iphone配件,当当网,moshi
1017003010,手机|手机配件|iPhone配件,Whatever It Takes 名人 iPhone 4S/4 清爽透明保护壳 Nicole,当当网 > 数码影音 > 苹果/配件 > iphone配件,当当网,WIT
1017003010,手机|手机配件|iPhone配件,新品Elago S4 Glide iPhone 4 4S 双色壳 苹果4代保护壳 黄蓝亮面,当当网 > 数码影音 > 苹果/配件 > iphone配件,当当网,Elago
1017003010,手机|手机配件|iPhone配件,ROCK洛克 apple苹果 iPhone4 iPhone 4S Summer 夏花系列,当当网 > 数码影音 > 苹果/配件 > iphone配件,当当网,羽博
1017003010,手机|手机配件|iPhone配件,爱贝尔(IPEARL)IPHONE4S iphone4 iPod 迷你车充 ipearl-che1,当当网 > 手机通讯 > 手机配件 > iphone配件,当当网,
1017003010,手机|手机配件|iPhone配件,乐歌(LOCTEK)PHC410-RED iphone4/4s保护壳(红色),当当网 > 数码影音 > 苹果/配件 > iphone配件,当当网,乐歌
1017003010,手机|手机配件|iPhone配件,威运高(Vivanco)NT-055 Iphone调频发射器,当当网 > 数码影音 > 苹果/配件 > iphone配件,当当网,威运高
1017003010,手机|手机配件|iPhone配件,品胜 苹果4外壳 防刮花 蓝粉黑白红紫 IPHONE 4/4s 简约保护壳送iphone4贴膜一张 品胜 苹果4外壳保护壳,当当网 > 数码影音 > 苹果/配件 > iphone配件,当当网,品胜
1017003010,手机|手机配件|iPhone配件,迪士尼 分身术之黑版 IPHONE 4 IPONE4S手机壳 保护壳分身术 IPHONE 4 IPONE4S手机壳 保护壳,当当网 > 数码影音 > 苹果/配件 > iphone配件,当当网,Disney 迪士尼
1017003010,手机|手机配件|iPhone配件,正品SGP三星 Galaxy S2 LTE HD SII E120S/i9200硬壳手机套 黄色,当当网 > 数码影音 > 苹果/配件 > iphone配件,当当网,SGP
1017003010,手机|手机配件|iPhone配件,邦克仕(Benks)MAGIC Cookies系列IPHONE4保护壳(白色),当当网 > 数码影音 > 苹果/配件 > iphone配件,当当网,邦克仕
1017003010,手机|手机配件|iPhone配件,iphone 4 4S 外壳 珍珠 水钻 苹果4代 手机套 手机壳 手机外壳,数码影音 > 苹果/配件 > iPhone配件 > 商品详情,当当网,iphone 4 4S
1017003010,手机|手机配件|iPhone配件,dstory经典底纹 苹果iphone 4手机外壳 保护套-多款,数码影音 > 苹果/配件 > iPhone配件 > 商品详情,当当网,苹果iphone 4
1017003010,手机|手机配件|iPhone配件,iphone4 HELLO KITTY 贴钻 水晶壳 钻 壳 苹果4代 外壳 手机壳,当当网 > 数码影音 > 苹果/配件 > iphone配件,当当网,小喵 meow meow
1017003010,手机|手机配件|iPhone配件,【限量特惠+亏本秒】WIT 苹果 Apple iPhone4S/4 名人纪念 保护壳 苹果手机套,数码影音 > 苹果/配件 > iPhone配件 > 商品详情,当当网,WIT
1017003010,手机|手机配件|iPhone配件,新品!Elago S4 Glide Bottoms iPhone 4S 4 糖果壳伴侣 蓝色磨砂,当当网 > 数码影音 > 苹果/配件 > iphone配件,当当网,Elago
1017003010,手机|手机配件|iPhone配件,Benks 苹果 iPhone 4 手机套 保护套 保护壳 外壳 彩壳 向阳花Magic Cheese系列,当当网 > 手机通讯 > 手机配件 > iphone配件,当当网,Benks
1017003010,手机|手机配件|iPhone配件,韩国 ELAGO iphone 4/4S 糖果壳 双色 手机保护套 彩壳,数码影音 > 苹果/配件 > iPhone配件 > 商品详情,当当网,elago
1017003010,手机|手机配件|iPhone配件,苹果 IPhone 4G4S 4代 手机壳保护壳手机套电镀外壳(银色)苹果 IPhone 4G4S 4代 电镀外壳,当当网 > 数码影音 > 苹果/配件 > iphone配件,当当网,酷玛特
1017003010,手机|手机配件|iPhone配件,特价!韩国mercury iphone 4 手机套 保护壳+彩色贴纸 套装 玫红,当当网 > 数码影音 > 苹果/配件 > iphone配件,当当网,mercury
1017003010,手机|手机配件|iPhone配件,新品!韩国SGP linear Blitz iphone 4 4S保护壳 铝合金背面 钛灰,当当网 > 数码影音 > 苹果/配件 > iphone配件,当当网,SGP
1017003010,手机|手机配件|iPhone配件,品乐 Pinlo Aluminum Case for iphone 4 4S 铝合金 保护套 玫红,当当网 > 数码影音 > 苹果/配件 > iphone配件,当当网,Pinlo
1017003010,手机|手机配件|iPhone配件,新品Elago S4 Glide iPhone 4 4S 双色壳 保护壳 藏蓝与白磨砂,当当网 > 数码影音 > 苹果/配件 > iphone配件,当当网,Elago
1017003010,手机|手机配件|iPhone配件,正品SGP 三星Galaxy note I9220 保护套 手机套 超薄保护壳 白色,当当网 > 数码影音 > 苹果/配件 > iphone配件,当当网,SGP
1017003010,手机|手机配件|iPhone配件,K-lux Pure Love 纯洁的爱 iPhone 4S/4 卡通保护壳 PL0001,当当网 > 数码影音 > 苹果/配件 > iphone配件,当当网,K-lux
1017003010,手机|手机配件|iPhone配件,iPhone4变座机Phone x Phone 创意电话座 防辐射 D1iPhone4 创意电话座,当当网 > 数码影音 > 苹果/配件 > iphone配件,当当网,
1017003010,手机|手机配件|iPhone配件,Moshi 摩仕 iGlaze 4 超薄 时尚保护 iPhone 4 4S 保护套 紫超薄时尚保护外壳,当当网 > 数码影音 > 苹果/配件 > iphone配件,当当网,Moshi
1017003010,手机|手机配件|iPhone配件,新品!elago S4 BREATHE Case for iPhone 4/4S 呼吸保护壳 银灰,当当网 > 数码影音 > 苹果/配件 > iphone配件,当当网,elago
1017003010,手机|手机配件|iPhone配件,韩国SGP Incredible ULTRA MATTE iphone 4/4S 全身膜 磨砂背膜,当当网 > 数码影音 > 苹果/配件 > iphone配件,当当网,SGP
1017003010,手机|手机配件|iPhone配件,新!韩国Elago S4 Glide iphone 4 4S 外壳 彩壳 保护套 白蓝亮面,当当网 > 数码影音 > 苹果/配件 > iphone配件,当当网,Elago
1017003010,手机|手机配件|iPhone配件,Mirror 苹果iphone4 4S 卡通立体 镜子手机壳 手机套 多款选择卡通立体 带镜子,当当网 > 数码影音 > 苹果/配件 > iphone配件,当当网,其它
1017003010,手机|手机配件|iPhone配件,m9element iphone 4&4s 保护壳 足球带球优质格纹PU 立体印刷 立体填充 真空包覆,当当网 > 手机通讯 > 手机配件 > iphone配件,当当网,m9element
1017003010,手机|手机配件|iPhone配件,正品 iPhone 4S 复古电话筒 Moshimoshi ipad2 防辐射听筒苹果防辐射听筒,当当网 > 数码影音 > 苹果/配件 > iphone配件,当当网,文曲星
1017003010,手机|手机配件|iPhone配件,品胜 玩加系列 iPhone4/4S 紫 蓝 白三彩保护壳 手机壳 新品上市送贴膜一张 品胜 玩加系列手机壳,当当网 > 数码影音 > 苹果/配件 > iphone配件,当当网,品胜
1017003010,手机|手机配件|iPhone配件,摩米士(MOMAX)光彩闪亮系列iPhone4S/4保护套(蓝色),当当网 > 数码影音 > 苹果/配件 > iphone配件,当当网,摩米士
1017003010,手机|手机配件|iPhone配件,ESK iphone4 4S 时尚超薄浮雕外壳 苹果4透明边手机套 优悠,当当网 > 数码影音 > 苹果/配件 > iphone配件,当当网,ESK
1017003010,手机|手机配件|iPhone配件,腾威尔 苹果 iphone3G/ 3GS 蛋壳保护套系列 6色入 c,当当网 > 数码影音 > 苹果/配件 > iphone配件,当当网,
1017003010,手机|手机配件|iPhone配件,摩仕(moshi)IGLAZE 4 for IPhone 4/4S 超薄时尚保护外壳 蓝色,当当网 > 数码影音 > 苹果/配件 > iphone配件,当当网,moshi
1017003010,手机|手机配件|iPhone配件,官方正品 power support air jacket iPhone 4 4s 外壳 超薄透灰,当当网 > 数码影音 > 苹果/配件 > iphone配件,当当网,power
1017003010,手机|手机配件|iPhone配件,APPLE 原装 苹果iPad 原装充电插头,当当网 > 数码影音 > 苹果/配件 > iphone配件,当当网,苹果
1017003010,手机|手机配件|iPhone配件,新品!韩国原产SGP iPhone 4 4S Linear 外壳 限量版黄+绿+蓝,当当网 > 数码影音 > 苹果/配件 > iphone配件,当当网,SGP
1017003010,手机|手机配件|iPhone配件,苹果iphone4G手机套保护壳手机壳保护套花语钻壳系列钻壳04iphone4G花语钻壳系列钻壳04,当当网 > 数码影音 > 苹果/配件 > iphone配件,当当网,酷玛特
1017003010,手机|手机配件|iPhone配件,韩国cocoroni 苹果iphone 4/4s 布丁背贴 保护贴+home贴-9色,数码影音 > 苹果/配件 > iPhone配件 > 商品详情,当当网,韩国cocoroni
1017003010,手机|手机配件|iPhone配件,K-lux 国粹京剧系列 苹果 iPhone 4S 4 艺术瑰宝 手机外壳 大武生,当当网 > 数码影音 > 苹果/配件 > iphone配件,当当网,K-lux
1017003010,手机|手机配件|iPhone配件,Hagibis 海备思 H1AAIPH4S01PN iPhone 4/4S 水钻雪糕壳 珍珠雏菊款 雪糕粉,数码/相机 > 苹果专区 > iphone配件,易迅网,海备思
1017003010,手机|手机配件|iPhone配件,Hamimelon/哈密瓜 黑色复古相机造型iphone4/4S手机外壳,所有分类>手机、数码、配件>手机配件>iphone配件>Hamimelon/哈密瓜>Hamimelon/...,1号店,Hamimelon/哈密瓜
1017003010,手机|手机配件|iPhone配件,IKODOO iPhone4S ipad2 卡通耳机孔防尘塞3.5mm,所有分类>手机、数码、配件>手机配件>iphone配件>IKODOO>IKODOO iPh...,1号店,IKODOO
1017003010,手机|手机配件|iPhone配件,古古美美 iPhone4 手机套 苹果4代 iphone4s 手机壳 保护套,所有分类>手机、数码、配件>手机配件>iphone配件>古古美美>古古美美 iPhon...,1号店,古古美美
1017003010,手机|手机配件|iPhone配件,IUVO Apple iPhone 4S/4 手工真皮 保护套,所有分类>手机、数码、配件>手机配件>iphone配件>IUVO>IUVO Apple...,1号店,IUVO
1017003010,手机|手机配件|iPhone配件,ROCK/洛克 苹果iPhone4 4S HD&AS naked-sp 裸膜系列 防刮花 高透膜,所有分类>手机、数码、配件>手机配件>iphone配件>ROCK/洛克>ROCK/洛克 苹果...,1号店,ROCK/洛克
1017003010,手机|手机配件|iPhone配件,DiscoveryBuy/迪思拜尔 苹果4手机壳 金属波浪纹 超酷金属拉丝质感 iphone4S手机壳 送贴膜3件套,所有分类>手机、数码、配件>手机配件>iphone配件>DiscoveryBuy/迪思拜尔>DiscoveryB...,1号店,DiscoveryBuy/迪思拜尔
1017003010,手机|手机配件|iPhone配件,Funmax 乐多 苹果iPhone 4S 4 冰花爆裂纹保护壳 送贴膜和清洁布多色 五个颜色可选,当当网 > 数码影音 > 苹果/配件 > iphone配件,当当网,Funmax 乐多
1017003010,手机|手机配件|iPhone配件,台湾 PROLINK PMM273 ipad itouch iphone 视频线 苹果AV线,数码影音 > 苹果/配件 > iPhone配件 > 商品详情,当当网,无
1017003010,手机|手机配件|iPhone配件,特价!腾威尔TUNEWEAR iPhone 4G芬兰保护壳套装-Sade 五件套送贴膜 绕线器 刮卡 清洁布,当当网 > 数码影音 > 苹果/配件 > iphone配件,当当网,腾威尔TUNEWEAR
1017003010,手机|手机配件|iPhone配件,美国正品 SwitchEasy Colors iPhone 4 4S硅胶套 聪明豆,当当网 > 数码影音 > 苹果/配件 > iphone配件,当当网,SwitchEasy
1017003010,手机|手机配件|iPhone配件,机乐堂 iphone4/4S手机壳 施华洛钻石壳 保护壳 水钻壳 淡雅白,当当网 > 数码影音 > 苹果/配件 > iphone配件,当当网,机乐堂
1017003010,手机|手机配件|iPhone配件,韩国新款立体Hello kitty 苹果iphone4S/4 手机壳 苹果手机套,当当网 > 数码影音 > 苹果/配件 > iphone配件,当当网,Hello Kitty
1017003010,手机|手机配件|iPhone配件,原装 正品iphone 4苹果4S手机外壳ipone4手机壳鳄鱼纹 皮套ipone4手机壳鳄鱼纹 皮套,当当网 > 数码影音 > 苹果/配件 > iphone配件,当当网,力维柯
1017003010,手机|手机配件|iPhone配件,洛克ROCK apple苹果iphone4 4S 手机壳 保护套 流沙系列,当当网 > 数码影音 > 苹果/配件 > iphone配件,当当网,ROCK 洛克
1017003010,手机|手机配件|iPhone配件,特价!Whatever It Takes iPhone 4S 4 情人节限量版同一包装里,两种图案两个外壳,当当网 > 数码影音 > 苹果/配件 > iphone配件,当当网
1017003010,手机|手机配件|iPhone配件,韩国SAMDI 苹果iPhone 4S 4G touch 4 皮套 信封皮套 棕色个性设计 做工精致,当当网 > 数码影音 > 苹果/配件 > iphone配件,当当网,韩国SAMDI
1017003010,手机|手机配件|iPhone配件,ROCK洛克 iPhone4 4s 跃动系列 保护壳 保护套,当当网 > 数码影音 > 苹果/配件 > iphone配件,当当网,洛克
1017003010,手机|手机配件|iPhone配件,ROCK洛克 apple苹果iphone4 4S 手机壳 保护套 流沙系列,当当网 > 数码影音 > 苹果/配件 > iphone配件,当当网,ROCK洛克
1017003010,手机|手机配件|iPhone配件,哈密瓜(hamimelon)IMD情侣系列iPhone4/4S保护壳(粉蓝心),当当网 > 数码影音 > 苹果/配件 > iphone配件,当当网,hamimelon哈密瓜
1017003010,手机|手机配件|iPhone配件,缤特力 M155 iPhone 4/4S 音乐 蓝牙耳机,当当网 > 数码影音 > 苹果/配件 > iphone配件,当当网,缤特力 M155
1017003010,手机|手机配件|iPhone配件,iphone3gs手机套3G外套3gs手机套趴趴猫硅胶套保护套迪菲猫(浅蓝),数码影音 > 苹果/配件 > iPhone配件 > 商品详情,当当网,酷玛特
1017003010,手机|手机配件|iPhone配件,香港DER iphone 4/4S星际兽硅胶套手机套 保护套外壳4s手机壳星际兽 硅胶套 4s手机套,当当网 > 数码影音 > 苹果/配件 > iphone配件,当当网,力维柯
1017003010,手机|手机配件|iPhone配件,小米耳机 iphone4 3GS HTC 爱易思EaseyesE800立体声有线耳机,当当网 > 手机通讯 > 手机配件 > iphone配件,当当网,爱易思
1017003010,手机|手机配件|iPhone配件,可爱卡通 苹果 ipad2 保护套 Hello kitty 平板电脑 皮套 支架,当当网 > 数码影音 > 苹果/配件 > iphone配件,当当网,力维柯
1017003010,手机|手机配件|iPhone配件,神奇万能蜘蛛支架 苹果touch iPhone 4 3GS 车载支架 桌面支架神奇万能蜘蛛支架 苹果touch iPhone 4 3GS,当当网 > 数码影音 > 苹果/配件 > iphone配件,当当网,力维柯
1017003010,手机|手机配件|iPhone配件,韩版 大嘴猴折叠htc系列手机座 苹果iPhone4s 时尚创意手机支架大嘴猴折叠htc系列手机座 苹果iPhone4s,当当网 > 数码影音 > 苹果/配件 > iphone配件,当当网,力维柯
1017003010,手机|手机配件|iPhone配件,Podera磨砂iphone4/4s 创意苹果外壳 变形金刚 保护手机套 支架Podera磨砂iphone4/4s 创意苹果外壳,当当网 > 数码影音 > 苹果/配件 > iphone配件,当当网,力维柯
1017003010,手机|手机配件|iPhone配件,韩国candymomo iphone 4/4S 美丽冬天前后手机套 保护壳 立体配饰,数码影音 > 苹果/配件 > iPhone配件 > 商品详情,当当网,韩国candymomo
1017003010,手机|手机配件|iPhone配件,Mr.H iphone 4/4S 手机皮套立体装饰 The Beauty Shop-黑色,数码影音 > 苹果/配件 > iPhone配件 > 商品详情,当当网,Mr.H iphone 4
1017003010,手机|手机配件|iPhone配件,苹果iPhone4S 4 手机 Q版卡通可爱 保护套 外壳 世界旅游系列硬壳Q版卡通可爱 保护套,当当网 > 数码影音 > 苹果/配件 > iphone配件,当当网,力维柯
1017003010,手机|手机配件|iPhone配件,韩国新款 iphone4s手机壳 4s手机外壳 简约可插卡 苹果4s手机壳子简约可插卡 苹果4s手机壳子,当当网 > 数码影音 > 苹果/配件 > iphone配件,当当网,力维柯
1017003010,手机|手机配件|iPhone配件,麦兜系列 iPhone4 4S手机壳 潮 可爱 个性 漫画外壳 磨砂手机套麦兜系列 iPhone4 4S手机壳,当当网 > 数码影音 > 苹果/配件 > iphone配件,当当网,力维柯
1017003010,手机|手机配件|iPhone配件,可爱苹果4壳 iphone4手机壳 4S保护壳 彩绘情侣手机壳彩绘情侣手机壳iphone4手机壳,当当网 > 数码影音 > 苹果/配件 > iphone配件,当当网,
1017003010,手机|手机配件|iPhone配件,品胜(PISEN)电立方苹果专用版(7500mAh货到付款,当当网 > 数码影音 > 苹果/配件 > iphone配件,当当网,品胜
1017003010,手机|手机配件|iPhone配件,WIT iPhone 4 4S 通用 Premium Alumibumper 金属边框 保护壳新款发布,特价销售~,当当网 > 数码影音 > 苹果/配件 > iphone配件,当当网
1017003010,手机|手机配件|iPhone配件,古古美美GGMM  iPhone4/4S 手机壳 金属雕花手机套 苹果4后壳,数码影音 > 苹果/配件 > iPhone配件 > 商品详情,当当网,GGMM
1017003010,手机|手机配件|iPhone配件,iHD 双 USB 5V/3.1A 奢华 2.1A ipad 1A iphone 车充,当当网 > 数码影音 > 苹果/配件 > iphone配件,当当网,Ihd
1017003010,手机|手机配件|iPhone配件,韩国IFACE3 iphone4手机壳4s手机套外壳苹果4代保护套潮配件新款韩国IFACE3 iphone4手机壳,当当网 > 数码影音 > 苹果/配件 > iphone配件,当当网,力维柯
1017003010,手机|手机配件|iPhone配件,iphone4s手机壳 4s手机外壳 新款潮手机套韩国面包iphone4手机壳 新款潮手机套韩国面包,当当网 > 数码影音 > 苹果/配件 > iphone配件,当当网,力维柯
1017003010,手机|手机配件|iPhone配件,小熊渡金皮套小熊渡金皮套,当当网 > 数码影音 > 苹果/配件 > iphone配件,当当网,力维柯
1017003010,手机|手机配件|iPhone配件,ipega 苹果iPhone4 4S 无线蓝牙话筒 苹果蓝牙话筒 手机话筒防辐射,当当网 > 数码影音 > 苹果/配件 > iphone配件,当当网,ipega
1017003010,手机|手机配件|iPhone配件,韩国happymori iphone 4 4S 幸运女神皮套 手机套 保护壳,数码影音 > 苹果/配件 > iPhone配件 > 商品详情,当当网,韩国happymori
1017003010,手机|手机配件|iPhone配件,韩国 Zenus 鳗鱼纹 iphone 4 4S翻盖皮套 手机套 保护套 限量,数码影音 > 苹果/配件 > iPhone配件 > 商品详情,当当网,韩国 Zenus
1017003010,手机|手机配件|iPhone配件,iPhone4手机壳套 iPhone4S手机壳 苹果手机外壳 海贼王Luffy路飞海贼王Luffy路飞苹果手机外壳,当当网 > 数码影音 > 苹果/配件 > iphone配件,当当网,力维柯
1017003010,手机|手机配件|iPhone配件,苹果4手机壳 iphone4手机壳 4S手机壳 手机套 逼真蓝毛衣 情侣 潮手机套 逼真蓝毛衣 情侣,当当网 > 数码影音 > 苹果/配件 > iphone配件,当当网,力维柯
1017003010,手机|手机配件|iPhone配件,苹果iphone4s韩国可爱情侣手机保护套皮套潮 iphone4手机套壳皮套H皮套,当当网 > 数码影音 > 苹果/配件 > iphone配件,当当网,力维柯
